{
  "id" : "e71ec36a-ac77-4da0-b119-4abdc1ebe308",
  "request" : {
    "urlPath" : "/latest?base=USD",
    "method" : "GET"
  },
  "response" : {
    "status" : 200,
    "body" : "{ \"rates\": { \"CAD\": 1.337386852, \"HKD\": 7.8438328609, \"ISK\": 127.9144189449, \"PHP\": 52.2903904178, \"DKK\": 6.8177745268, \"HUF\": 302.3498217061, \"CZK\": 23.6673676511, \"GBP\": 0.8309865594, \"RON\": 4.3240376703, \"SEK\": 9.886440523, \"IDR\": 14225.1074334827, \"INR\": 72.411995977, \"BRL\": 4.1770138063, \"RUB\": 66.9814391515, \"HRK\": 6.771052391, \"JPY\": 106.1077077809, \"THB\": 30.6738593764, \"CHF\": 0.9901252629, \"EUR\": 0.9143275121, \"MYR\": 4.2207186614, \"BGN\": 1.7882417482, \"TRY\": 5.754503063, \"CNY\": 7.1786595959, \"NOK\": 9.1606473439, \"NZD\": 1.5895583798, \"ZAR\": 15.1344061443, \"USD\": 1, \"MXN\": 20.0673859376, \"SGD\": 1.3931608302, \"AUD\": 1.4855079089, \"ILS\": 3.5469507177, \"KRW\": 1214.9583980982, \"PLN\": 3.9922282161 }, \"base\": \"USD\", \"date\": \"2019-09-03\" }",
    "transformers" : [ "response-template" ]
  },
  "uuid" : "e71ec36a-ac77-4da0-b119-4abdc1ebe308"
}