{
  "id" : "e71ec36a-ac77-4da0-b119-4abdc1ebe308",
  "request" : {
    "urlPath" : "/latest?base=USD",
    "method" : "GET"
  },
  "response" : {
    "status" : 200,
    "body" : "{\n    \"rates\": {\n        \"CAD\": 1.337386852,\n        \"HKD\": 7.8438328609,\n        \"ISK\": 127.9144189449,\n        \"PHP\": 52.2903904178,\n        \"DKK\": 6.8177745268,\n        \"HUF\": 302.3498217061,\n        \"CZK\": 23.6673676511,\n        \"GBP\": 0.8309865594,\n        \"RON\": 4.3240376703,\n        \"SEK\": 9.886440523,\n        \"IDR\": 14225.1074334827,\n        \"INR\": 72.411995977,\n        \"BRL\": 4.1770138063,\n        \"RUB\": 66.9814391515,\n        \"HRK\": 6.771052391,\n        \"JPY\": 106.1077077809,\n        \"THB\": 30.6738593764,\n        \"CHF\": 0.9901252629,\n        \"EUR\": 0.9143275121,\n        \"MYR\": 4.2207186614,\n        \"BGN\": 1.7882417482,\n        \"TRY\": 5.754503063,\n        \"CNY\": 7.1786595959,\n        \"NOK\": 9.1606473439,\n        \"NZD\": 1.5895583798,\n        \"ZAR\": 15.1344061443,\n        \"USD\": 1,\n        \"MXN\": 20.0673859376,\n        \"SGD\": 1.3931608302,\n        \"AUD\": 1.4855079089,\n        \"ILS\": 3.5469507177,\n        \"KRW\": 1214.9583980982,\n        \"PLN\": 3.9922282161\n    },\n    \"base\": \"USD\",\n    \"date\": \"2019-09-03\"\n}",
    "transformers" : [ "response-template" ]
  },
  "uuid" : "e71ec36a-ac77-4da0-b119-4abdc1ebe308"
}